"module name","version","license","development only","resolved"
"@babel/helper-string-parser","7.29.7","MIT","true","https://registry.npmjs.org/@babel/helper-string-parser/-/helper-string-parser-7.29.7.tgz"
"@babel/helper-validator-identifier","7.29.7","MIT","true","https://registry.npmjs.org/@babel/helper-validator-identifier/-/helper-validator-identifier-7.29.7.tgz"
"@babel/parser","7.29.7","MIT","true","https://registry.npmjs.org/@babel/parser/-/parser-7.29.7.tgz"
"@babel/types","7.29.7","MIT","true","https://registry.npmjs.org/@babel/types/-/types-7.29.7.tgz"
"@electron/asar","3.4.1","MIT","true","https://registry.npmjs.org/@electron/asar/-/asar-3.4.1.tgz"
"@electron/fuses","1.8.0","MIT","true","https://registry.npmjs.org/@electron/fuses/-/fuses-1.8.0.tgz"
"@electron/get","2.0.3","MIT","true","https://registry.npmjs.org/@electron/get/-/get-2.0.3.tgz"
"@electron/get","3.1.0","MIT","true","https://registry.npmjs.org/@electron/get/-/get-3.1.0.tgz"
"@electron/notarize","2.5.0","MIT","true","https://registry.npmjs.org/@electron/notarize/-/notarize-2.5.0.tgz"
"@electron/osx-sign","1.3.3","BSD-2-Clause","true","https://registry.npmjs.org/@electron/osx-sign/-/osx-sign-1.3.3.tgz"
"@electron/rebuild","4.2.0","MIT","true","https://registry.npmjs.org/@electron/rebuild/-/rebuild-4.2.0.tgz"
"@electron/universal","2.0.3","MIT","true","https://registry.npmjs.org/@electron/universal/-/universal-2.0.3.tgz"
"@electron/windows-sign","1.2.2","BSD-2-Clause","true","https://registry.npmjs.org/@electron/windows-sign/-/windows-sign-1.2.2.tgz"
"@gar/promise-retry","1.0.3","MIT","false",""
"@isaacs/cliui","8.0.2","ISC","true","https://registry.npmjs.org/@isaacs/cliui/-/cliui-8.0.2.tgz"
"@isaacs/fs-minipass","4.0.1","ISC","false","https://registry.npmjs.org/@isaacs/fs-minipass/-/fs-minipass-4.0.1.tgz"
"@isaacs/fs-minipass","4.0.1","ISC","false",""
"@isaacs/string-locale-compare","1.1.0","ISC","false",""
"@malept/cross-spawn-promise","2.0.0","Apache-2.0","true","https://registry.npmjs.org/@malept/cross-spawn-promise/-/cross-spawn-promise-2.0.0.tgz"
"@malept/flatpak-bundler","0.4.0","MIT","true","https://registry.npmjs.org/@malept/flatpak-bundler/-/flatpak-bundler-0.4.0.tgz"
"@noble/hashes","1.4.0","MIT","true","https://registry.npmjs.org/@noble/hashes/-/hashes-1.4.0.tgz"
"@noble/hashes","2.2.0","MIT","true","https://registry.npmjs.org/@noble/hashes/-/hashes-2.2.0.tgz"
"@npmcli/agent","4.0.2","ISC","false",""
"@npmcli/arborist","9.9.1","ISC","false",""
"@npmcli/config","10.12.0","ISC","false",""
"@npmcli/fs","5.0.0","ISC","false",""
"@npmcli/git","7.0.2","ISC","false",""
"@npmcli/installed-package-contents","4.0.0","ISC","false",""
"@npmcli/map-workspaces","5.0.3","ISC","false",""
"@npmcli/metavuln-calculator","9.0.3","ISC","false",""
"@npmcli/name-from-folder","4.0.0","ISC","false",""
"@npmcli/node-gyp","5.0.0","ISC","false",""
"@npmcli/package-json","7.0.5","ISC","false",""
"@npmcli/promise-spawn","9.0.1","ISC","false",""
"@npmcli/query","5.0.0","ISC","false",""
"@npmcli/redact","4.0.0","ISC","false",""
"@npmcli/run-script","10.0.4","ISC","false",""
"@peculiar/asn1-schema","2.8.0","MIT","true","https://registry.npmjs.org/@peculiar/asn1-schema/-/asn1-schema-2.8.0.tgz"
"@peculiar/json-schema","1.1.12","MIT","true","https://registry.npmjs.org/@peculiar/json-schema/-/json-schema-1.1.12.tgz"
"@peculiar/utils","2.0.3","MIT","true","https://registry.npmjs.org/@peculiar/utils/-/utils-2.0.3.tgz"
"@peculiar/webcrypto","1.7.1","MIT","true","https://registry.npmjs.org/@peculiar/webcrypto/-/webcrypto-1.7.1.tgz"
"@pkgjs/parseargs","0.11.0","MIT","true","https://registry.npmjs.org/@pkgjs/parseargs/-/parseargs-0.11.0.tgz"
"@serialport/binding-mock","10.2.2","MIT","false","https://registry.npmjs.org/@serialport/binding-mock/-/binding-mock-10.2.2.tgz"
"@serialport/bindings-cpp","12.0.1","MIT","false","https://registry.npmjs.org/@serialport/bindings-cpp/-/bindings-cpp-12.0.1.tgz"
"@serialport/bindings-interface","1.2.2","MIT","false","https://registry.npmjs.org/@serialport/bindings-interface/-/bindings-interface-1.2.2.tgz"
"@serialport/parser-byte-length","12.0.0","MIT","false","https://registry.npmjs.org/@serialport/parser-byte-length/-/parser-byte-length-12.0.0.tgz"
"@serialport/parser-cctalk","12.0.0","MIT","false","https://registry.npmjs.org/@serialport/parser-cctalk/-/parser-cctalk-12.0.0.tgz"
"@serialport/parser-delimiter","11.0.0","MIT","false","https://registry.npmjs.org/@serialport/parser-delimiter/-/parser-delimiter-11.0.0.tgz"
"@serialport/parser-delimiter","12.0.0","MIT","false","https://registry.npmjs.org/@serialport/parser-delimiter/-/parser-delimiter-12.0.0.tgz"
"@serialport/parser-inter-byte-timeout","12.0.0","MIT","false","https://registry.npmjs.org/@serialport/parser-inter-byte-timeout/-/parser-inter-byte-timeout-12.0.0.tgz"
"@serialport/parser-packet-length","12.0.0","MIT","false","https://registry.npmjs.org/@serialport/parser-packet-length/-/parser-packet-length-12.0.0.tgz"
"@serialport/parser-readline","11.0.0","MIT","false","https://registry.npmjs.org/@serialport/parser-readline/-/parser-readline-11.0.0.tgz"
"@serialport/parser-readline","12.0.0","MIT","false","https://registry.npmjs.org/@serialport/parser-readline/-/parser-readline-12.0.0.tgz"
"@serialport/parser-ready","12.0.0","MIT","false","https://registry.npmjs.org/@serialport/parser-ready/-/parser-ready-12.0.0.tgz"
"@serialport/parser-regex","12.0.0","MIT","false","https://registry.npmjs.org/@serialport/parser-regex/-/parser-regex-12.0.0.tgz"
"@serialport/parser-slip-encoder","12.0.0","MIT","false","https://registry.npmjs.org/@serialport/parser-slip-encoder/-/parser-slip-encoder-12.0.0.tgz"
"@serialport/parser-spacepacket","12.0.0","MIT","false","https://registry.npmjs.org/@serialport/parser-spacepacket/-/parser-spacepacket-12.0.0.tgz"
"@serialport/stream","12.0.0","MIT","false","https://registry.npmjs.org/@serialport/stream/-/stream-12.0.0.tgz"
"@sigstore/bundle","4.0.0","Apache-2.0","false",""
"@sigstore/core","3.2.1","Apache-2.0","false",""
"@sigstore/protobuf-specs","0.5.1","Apache-2.0","false",""
"@sigstore/sign","4.1.1","Apache-2.0","false",""
"@sigstore/tuf","4.0.2","Apache-2.0","false",""
"@sigstore/verify","3.1.1","Apache-2.0","false",""
"@sindresorhus/is","4.6.0","MIT","true","https://registry.npmjs.org/@sindresorhus/is/-/is-4.6.0.tgz"
"@szmarczak/http-timer","4.0.6","MIT","true","https://registry.npmjs.org/@szmarczak/http-timer/-/http-timer-4.0.6.tgz"
"@tufjs/canonical-json","2.0.0","MIT","false",""
"@tufjs/models","4.1.0","MIT","false",""
"@types/archiver","7.0.0","MIT","true","https://registry.npmjs.org/@types/archiver/-/archiver-7.0.0.tgz"
"@types/cacheable-request","6.0.3","MIT","true","https://registry.npmjs.org/@types/cacheable-request/-/cacheable-request-6.0.3.tgz"
"@types/debug","4.1.13","MIT","true","https://registry.npmjs.org/@types/debug/-/debug-4.1.13.tgz"
"@types/fs-extra","9.0.13","MIT","true","https://registry.npmjs.org/@types/fs-extra/-/fs-extra-9.0.13.tgz"
"@types/http-cache-semantics","4.2.0","MIT","true","https://registry.npmjs.org/@types/http-cache-semantics/-/http-cache-semantics-4.2.0.tgz"
"@types/js-yaml","4.0.9","MIT","true","https://registry.npmjs.org/@types/js-yaml/-/js-yaml-4.0.9.tgz"
"@types/keyv","3.1.4","MIT","true","https://registry.npmjs.org/@types/keyv/-/keyv-3.1.4.tgz"
"@types/ms","2.1.0","MIT","true","https://registry.npmjs.org/@types/ms/-/ms-2.1.0.tgz"
"@types/node","22.19.15","MIT","false","https://registry.npmjs.org/@types/node/-/node-22.19.15.tgz"
"@types/readdir-glob","1.1.5","MIT","true","https://registry.npmjs.org/@types/readdir-glob/-/readdir-glob-1.1.5.tgz"
"@types/responselike","1.0.3","MIT","true","https://registry.npmjs.org/@types/responselike/-/responselike-1.0.3.tgz"
"@types/tar-stream","3.1.4","MIT","true","https://registry.npmjs.org/@types/tar-stream/-/tar-stream-3.1.4.tgz"
"@types/yauzl","2.10.3","MIT","false","https://registry.npmjs.org/@types/yauzl/-/yauzl-2.10.3.tgz"
"@vue/compiler-core","3.5.22","MIT","true","https://registry.npmjs.org/@vue/compiler-core/-/compiler-core-3.5.22.tgz"
"@vue/compiler-dom","3.5.22","MIT","true","https://registry.npmjs.org/@vue/compiler-dom/-/compiler-dom-3.5.22.tgz"
"@vue/shared","3.5.22","MIT","true","https://registry.npmjs.org/@vue/shared/-/shared-3.5.22.tgz"
"@xmldom/xmldom","0.8.13","MIT","true","https://registry.npmjs.org/@xmldom/xmldom/-/xmldom-0.8.13.tgz"
"abbrev","4.0.0","ISC","true","https://registry.npmjs.org/abbrev/-/abbrev-4.0.0.tgz"
"abbrev","4.0.0","ISC","false",""
"abort-controller","3.0.0","MIT","true","https://registry.npmjs.org/abort-controller/-/abort-controller-3.0.0.tgz"
"agent-base","7.1.4","MIT","true","https://registry.npmjs.org/agent-base/-/agent-base-7.1.4.tgz"
"agent-base","7.1.4","MIT","false",""
"ajv","8.20.0","MIT","true","https://registry.npmjs.org/ajv/-/ajv-8.20.0.tgz"
"ansi-regex","5.0.1","MIT","false","https://registry.npmjs.org/ansi-regex/-/ansi-regex-5.0.1.tgz"
"ansi-regex","6.2.2","MIT","true","https://registry.npmjs.org/ansi-regex/-/ansi-regex-6.2.2.tgz"
"ansi-styles","4.3.0","MIT","true","https://registry.npmjs.org/ansi-styles/-/ansi-styles-4.3.0.tgz"
"ansi-styles","6.2.3","MIT","true","https://registry.npmjs.org/ansi-styles/-/ansi-styles-6.2.3.tgz"
"app-builder-lib","26.15.3","MIT","true","https://registry.npmjs.org/app-builder-lib/-/app-builder-lib-26.15.3.tgz"
"aproba","2.1.0","ISC","false",""
"archiver","7.0.1","MIT","true","https://registry.npmjs.org/archiver/-/archiver-7.0.1.tgz"
"archiver-utils","5.0.2","MIT","true","https://registry.npmjs.org/archiver-utils/-/archiver-utils-5.0.2.tgz"
"archy","1.0.0","MIT","false",""
"argparse","2.0.1","Python-2.0","false","https://registry.npmjs.org/argparse/-/argparse-2.0.1.tgz"
"asn1js","3.0.10","BSD-3-Clause","true","https://registry.npmjs.org/asn1js/-/asn1js-3.0.10.tgz"
"async","3.2.6","MIT","true","https://registry.npmjs.org/async/-/async-3.2.6.tgz"
"async-exit-hook","2.0.1","MIT","true","https://registry.npmjs.org/async-exit-hook/-/async-exit-hook-2.0.1.tgz"
"asynckit","0.4.0","MIT","false","https://registry.npmjs.org/asynckit/-/asynckit-0.4.0.tgz"
"at-least-node","1.0.0","ISC","true","https://registry.npmjs.org/at-least-node/-/at-least-node-1.0.0.tgz"
"aws4","1.13.2","MIT","true","https://registry.npmjs.org/aws4/-/aws4-1.13.2.tgz"
"b4a","1.8.1","Apache-2.0","true","https://registry.npmjs.org/b4a/-/b4a-1.8.1.tgz"
"balanced-match","1.0.2","MIT","true","https://registry.npmjs.org/balanced-match/-/balanced-match-1.0.2.tgz"
"balanced-match","4.0.4","MIT","true","https://registry.npmjs.org/balanced-match/-/balanced-match-4.0.4.tgz"
"balanced-match","4.0.4","MIT","false",""
"bare-events","2.9.1","Apache-2.0","true","https://registry.npmjs.org/bare-events/-/bare-events-2.9.1.tgz"
"bare-fs","4.7.4","Apache-2.0","true","https://registry.npmjs.org/bare-fs/-/bare-fs-4.7.4.tgz"
"bare-path","3.1.1","Apache-2.0","true","https://registry.npmjs.org/bare-path/-/bare-path-3.1.1.tgz"
"bare-stream","2.13.3","Apache-2.0","true","https://registry.npmjs.org/bare-stream/-/bare-stream-2.13.3.tgz"
"bare-url","2.4.6","Apache-2.0","true","https://registry.npmjs.org/bare-url/-/bare-url-2.4.6.tgz"
"base64-js","1.5.1","MIT","true","https://registry.npmjs.org/base64-js/-/base64-js-1.5.1.tgz"
"bin-links","6.0.2","ISC","false",""
"binary-extensions","3.1.0","MIT","false",""
"bluebird","3.7.2","MIT","true","https://registry.npmjs.org/bluebird/-/bluebird-3.7.2.tgz"
"boolean","3.2.0","MIT","true","https://registry.npmjs.org/boolean/-/boolean-3.2.0.tgz"
"brace-expansion","1.1.18","MIT","true","https://registry.npmjs.org/brace-expansion/-/brace-expansion-1.1.18.tgz"
"brace-expansion","1.1.18","MIT","true","https://registry.npmjs.org/brace-expansion/-/brace-expansion-1.1.18.tgz"
"brace-expansion","1.1.18","MIT","true","https://registry.npmjs.org/brace-expansion/-/brace-expansion-1.1.18.tgz"
"brace-expansion","2.0.2","MIT","true","https://registry.npmjs.org/brace-expansion/-/brace-expansion-2.0.2.tgz"
"brace-expansion","5.0.7","MIT","false",""
"brace-expansion","5.0.9","MIT","true","https://registry.npmjs.org/brace-expansion/-/brace-expansion-5.0.9.tgz"
"buffer","6.0.3","MIT","true","https://registry.npmjs.org/buffer/-/buffer-6.0.3.tgz"
"buffer-crc32","0.2.13","MIT","false","https://registry.npmjs.org/buffer-crc32/-/buffer-crc32-0.2.13.tgz"
"buffer-crc32","1.0.0","MIT","true","https://registry.npmjs.org/buffer-crc32/-/buffer-crc32-1.0.0.tgz"
"buffer-from","1.1.2","MIT","true","https://registry.npmjs.org/buffer-from/-/buffer-from-1.1.2.tgz"
"builder-util","26.15.3","MIT","true","https://registry.npmjs.org/builder-util/-/builder-util-26.15.3.tgz"
"builder-util-runtime","9.7.0","MIT","false","https://registry.npmjs.org/builder-util-runtime/-/builder-util-runtime-9.7.0.tgz"
"bytestreamjs","2.0.1","BSD-3-Clause","true","https://registry.npmjs.org/bytestreamjs/-/bytestreamjs-2.0.1.tgz"
"cacache","20.0.4","ISC","false",""
"cacheable-lookup","5.0.4","MIT","true","https://registry.npmjs.org/cacheable-lookup/-/cacheable-lookup-5.0.4.tgz"
"cacheable-request","7.0.4","MIT","true","https://registry.npmjs.org/cacheable-request/-/cacheable-request-7.0.4.tgz"
"call-bind-apply-helpers","1.0.2","MIT","false","https://registry.npmjs.org/call-bind-apply-helpers/-/call-bind-apply-helpers-1.0.2.tgz"
"chalk","4.1.2","MIT","true","https://registry.npmjs.org/chalk/-/chalk-4.1.2.tgz"
"chalk","5.6.2","MIT","false",""
"chownr","3.0.0","BlueOak-1.0.0","false","https://registry.npmjs.org/chownr/-/chownr-3.0.0.tgz"
"chownr","3.0.0","BlueOak-1.0.0","false",""
"chromium-pickle-js","0.2.0","MIT","true","https://registry.npmjs.org/chromium-pickle-js/-/chromium-pickle-js-0.2.0.tgz"
"ci-info","4.3.1","MIT","true","https://registry.npmjs.org/ci-info/-/ci-info-4.3.1.tgz"
"ci-info","4.4.0","MIT","true","https://registry.npmjs.org/ci-info/-/ci-info-4.4.0.tgz"
"ci-info","4.4.0","MIT","false",""
"cidr-regex","5.0.5","BSD-2-Clause","false",""
"cli-progress","3.12.0","MIT","false","https://registry.npmjs.org/cli-progress/-/cli-progress-3.12.0.tgz"
"cliui","8.0.1","ISC","true","https://registry.npmjs.org/cliui/-/cliui-8.0.1.tgz"
"clone-response","1.0.3","MIT","true","https://registry.npmjs.org/clone-response/-/clone-response-1.0.3.tgz"
"cmd-shim","8.0.0","ISC","false",""
"color-convert","2.0.1","MIT","true","https://registry.npmjs.org/color-convert/-/color-convert-2.0.1.tgz"
"color-name","1.1.4","MIT","true","https://registry.npmjs.org/color-name/-/color-name-1.1.4.tgz"
"combined-stream","1.0.8","MIT","false","https://registry.npmjs.org/combined-stream/-/combined-stream-1.0.8.tgz"
"commander","5.1.0","MIT","true","https://registry.npmjs.org/commander/-/commander-5.1.0.tgz"
"commander","9.5.0","MIT","true","https://registry.npmjs.org/commander/-/commander-9.5.0.tgz"
"common-ancestor-path","2.0.0","BlueOak-1.0.0","false",""
"compare-version","0.1.2","MIT","true","https://registry.npmjs.org/compare-version/-/compare-version-0.1.2.tgz"
"compress-commons","6.0.2","MIT","true","https://registry.npmjs.org/compress-commons/-/compress-commons-6.0.2.tgz"
"concat-map","0.0.1","MIT","true","https://registry.npmjs.org/concat-map/-/concat-map-0.0.1.tgz"
"core-util-is","1.0.2","MIT","true","https://registry.npmjs.org/core-util-is/-/core-util-is-1.0.2.tgz"
"crc-32","1.2.2","Apache-2.0","true","https://registry.npmjs.org/crc-32/-/crc-32-1.2.2.tgz"
"crc32-stream","6.0.0","MIT","true","https://registry.npmjs.org/crc32-stream/-/crc32-stream-6.0.0.tgz"
"cross-dirname","0.1.0","MIT","true","https://registry.npmjs.org/cross-dirname/-/cross-dirname-0.1.0.tgz"
"cross-env","7.0.3","MIT","true","https://registry.npmjs.org/cross-env/-/cross-env-7.0.3.tgz"
"cross-spawn","7.0.6","MIT","true","https://registry.npmjs.org/cross-spawn/-/cross-spawn-7.0.6.tgz"
"cssesc","3.0.0","MIT","false",""
"debug","4.3.4","MIT","false","https://registry.npmjs.org/debug/-/debug-4.3.4.tgz"
"debug","4.3.4","MIT","false","https://registry.npmjs.org/debug/-/debug-4.3.4.tgz"
"debug","4.3.4","MIT","false","https://registry.npmjs.org/debug/-/debug-4.3.4.tgz"
"debug","4.4.3","MIT","false","https://registry.npmjs.org/debug/-/debug-4.4.3.tgz"
"debug","4.4.3","MIT","false",""
"decompress-response","6.0.0","MIT","true","https://registry.npmjs.org/decompress-response/-/decompress-response-6.0.0.tgz"
"defer-to-connect","2.0.1","MIT","true","https://registry.npmjs.org/defer-to-connect/-/defer-to-connect-2.0.1.tgz"
"define-data-property","1.1.4","MIT","true","https://registry.npmjs.org/define-data-property/-/define-data-property-1.1.4.tgz"
"define-properties","1.2.1","MIT","true","https://registry.npmjs.org/define-properties/-/define-properties-1.2.1.tgz"
"delayed-stream","1.0.0","MIT","false","https://registry.npmjs.org/delayed-stream/-/delayed-stream-1.0.0.tgz"
"detect-node","2.1.0","MIT","true","https://registry.npmjs.org/detect-node/-/detect-node-2.1.0.tgz"
"diff","8.0.4","BSD-3-Clause","false",""
"dir-compare","4.2.0","MIT","true","https://registry.npmjs.org/dir-compare/-/dir-compare-4.2.0.tgz"
"dmg-builder","26.15.3","MIT","true","https://registry.npmjs.org/dmg-builder/-/dmg-builder-26.15.3.tgz"
"dotenv","16.6.1","BSD-2-Clause","true","https://registry.npmjs.org/dotenv/-/dotenv-16.6.1.tgz"
"dotenv-expand","11.0.7","BSD-2-Clause","true","https://registry.npmjs.org/dotenv-expand/-/dotenv-expand-11.0.7.tgz"
"dunder-proto","1.0.1","MIT","false","https://registry.npmjs.org/dunder-proto/-/dunder-proto-1.0.1.tgz"
"duplexer2","0.1.4","BSD-3-Clause","true","https://registry.npmjs.org/duplexer2/-/duplexer2-0.1.4.tgz"
"eastasianwidth","0.2.0","MIT","true","https://registry.npmjs.org/eastasianwidth/-/eastasianwidth-0.2.0.tgz"
"ejs","3.1.10","Apache-2.0","true","https://registry.npmjs.org/ejs/-/ejs-3.1.10.tgz"
"electron","39.8.10","MIT","true","https://registry.npmjs.org/electron/-/electron-39.8.10.tgz"
"electron-builder","26.15.3","MIT","true","https://registry.npmjs.org/electron-builder/-/electron-builder-26.15.3.tgz"
"electron-builder-squirrel-windows","26.15.3","MIT","true","https://registry.npmjs.org/electron-builder-squirrel-windows/-/electron-builder-squirrel-windows-26.15.3.tgz"
"electron-dl","3.5.0","MIT","false","https://registry.npmjs.org/electron-dl/-/electron-dl-3.5.0.tgz"
"electron-publish","26.15.3","MIT","true","https://registry.npmjs.org/electron-publish/-/electron-publish-26.15.3.tgz"
"electron-updater","6.8.9","MIT","false","https://registry.npmjs.org/electron-updater/-/electron-updater-6.8.9.tgz"
"electron-winstaller","5.4.0","MIT","true","https://registry.npmjs.org/electron-winstaller/-/electron-winstaller-5.4.0.tgz"
"emoji-regex","8.0.0","MIT","false","https://registry.npmjs.org/emoji-regex/-/emoji-regex-8.0.0.tgz"
"emoji-regex","9.2.2","MIT","true","https://registry.npmjs.org/emoji-regex/-/emoji-regex-9.2.2.tgz"
"end-of-stream","1.4.5","MIT","false","https://registry.npmjs.org/end-of-stream/-/end-of-stream-1.4.5.tgz"
"entities","4.5.0","BSD-2-Clause","true","https://registry.npmjs.org/entities/-/entities-4.5.0.tgz"
"entities","6.0.1","BSD-2-Clause","true","https://registry.npmjs.org/entities/-/entities-6.0.1.tgz"
"env-paths","2.2.1","MIT","true","https://registry.npmjs.org/env-paths/-/env-paths-2.2.1.tgz"
"env-paths","2.2.1","MIT","false",""
"err-code","2.0.3","MIT","true","https://registry.npmjs.org/err-code/-/err-code-2.0.3.tgz"
"es-define-property","1.0.1","MIT","false","https://registry.npmjs.org/es-define-property/-/es-define-property-1.0.1.tgz"
"es-errors","1.3.0","MIT","false","https://registry.npmjs.org/es-errors/-/es-errors-1.3.0.tgz"
"es-object-atoms","1.1.1","MIT","false","https://registry.npmjs.org/es-object-atoms/-/es-object-atoms-1.1.1.tgz"
"es-set-tostringtag","2.1.0","MIT","false","https://registry.npmjs.org/es-set-tostringtag/-/es-set-tostringtag-2.1.0.tgz"
"es6-error","4.1.1","MIT","true","https://registry.npmjs.org/es6-error/-/es6-error-4.1.1.tgz"
"escalade","3.2.0","MIT","true","https://registry.npmjs.org/escalade/-/escalade-3.2.0.tgz"
"escape-goat","2.1.1","MIT","false","https://registry.npmjs.org/escape-goat/-/escape-goat-2.1.1.tgz"
"escape-string-regexp","4.0.0","MIT","true","https://registry.npmjs.org/escape-string-regexp/-/escape-string-regexp-4.0.0.tgz"
"estree-walker","2.0.2","MIT","true","https://registry.npmjs.org/estree-walker/-/estree-walker-2.0.2.tgz"
"event-target-shim","5.0.1","MIT","true","https://registry.npmjs.org/event-target-shim/-/event-target-shim-5.0.1.tgz"
"events","3.3.0","MIT","true","https://registry.npmjs.org/events/-/events-3.3.0.tgz"
"events-universal","1.0.1","Apache-2.0","true","https://registry.npmjs.org/events-universal/-/events-universal-1.0.1.tgz"
"exponential-backoff","3.1.3","Apache-2.0","true","https://registry.npmjs.org/exponential-backoff/-/exponential-backoff-3.1.3.tgz"
"exponential-backoff","3.1.3","Apache-2.0","false",""
"ext-list","2.2.2","MIT","false","https://registry.npmjs.org/ext-list/-/ext-list-2.2.2.tgz"
"ext-name","5.0.0","MIT","false","https://registry.npmjs.org/ext-name/-/ext-name-5.0.0.tgz"
"extract-zip","2.0.1","BSD-2-Clause","false","https://registry.npmjs.org/extract-zip/-/extract-zip-2.0.1.tgz"
"fast-deep-equal","3.1.3","MIT","true","https://registry.npmjs.org/fast-deep-equal/-/fast-deep-equal-3.1.3.tgz"
"fast-fifo","1.3.2","MIT","true","https://registry.npmjs.org/fast-fifo/-/fast-fifo-1.3.2.tgz"
"fast-uri","3.1.5","BSD-3-Clause","true","https://registry.npmjs.org/fast-uri/-/fast-uri-3.1.5.tgz"
"fastest-levenshtein","1.0.16","MIT","false",""
"fd-slicer","1.1.0","MIT","false","https://registry.npmjs.org/fd-slicer/-/fd-slicer-1.1.0.tgz"
"fdir","6.5.0","MIT","true","https://registry.npmjs.org/fdir/-/fdir-6.5.0.tgz"
"fdir","6.5.0","MIT","false",""
"filelist","1.0.6","Apache-2.0","true","https://registry.npmjs.org/filelist/-/filelist-1.0.6.tgz"
"foreground-child","3.3.1","ISC","true","https://registry.npmjs.org/foreground-child/-/foreground-child-3.3.1.tgz"
"form-data","4.0.6","MIT","false","https://registry.npmjs.org/form-data/-/form-data-4.0.6.tgz"
"fs-extra","10.1.0","MIT","true","https://registry.npmjs.org/fs-extra/-/fs-extra-10.1.0.tgz"
"fs-extra","10.1.0","MIT","true","https://registry.npmjs.org/fs-extra/-/fs-extra-10.1.0.tgz"
"fs-extra","10.1.0","MIT","true","https://registry.npmjs.org/fs-extra/-/fs-extra-10.1.0.tgz"
"fs-extra","10.1.0","MIT","true","https://registry.npmjs.org/fs-extra/-/fs-extra-10.1.0.tgz"
"fs-extra","10.1.0","MIT","true","https://registry.npmjs.org/fs-extra/-/fs-extra-10.1.0.tgz"
"fs-extra","10.1.0","MIT","true","https://registry.npmjs.org/fs-extra/-/fs-extra-10.1.0.tgz"
"fs-extra","10.1.0","MIT","false","https://registry.npmjs.org/fs-extra/-/fs-extra-10.1.0.tgz"
"fs-extra","10.1.0","MIT","true","https://registry.npmjs.org/fs-extra/-/fs-extra-10.1.0.tgz"
"fs-extra","11.3.1","MIT","true","https://registry.npmjs.org/fs-extra/-/fs-extra-11.3.1.tgz"
"fs-extra","11.4.0","MIT","true","https://registry.npmjs.org/fs-extra/-/fs-extra-11.4.0.tgz"
"fs-extra","11.4.0","MIT","true","https://registry.npmjs.org/fs-extra/-/fs-extra-11.4.0.tgz"
"fs-extra","7.0.1","MIT","true","https://registry.npmjs.org/fs-extra/-/fs-extra-7.0.1.tgz"
"fs-extra","8.1.0","MIT","true","https://registry.npmjs.org/fs-extra/-/fs-extra-8.1.0.tgz"
"fs-extra","8.1.0","MIT","true","https://registry.npmjs.org/fs-extra/-/fs-extra-8.1.0.tgz"
"fs-extra","9.1.0","MIT","true","https://registry.npmjs.org/fs-extra/-/fs-extra-9.1.0.tgz"
"fs-extra","9.1.0","MIT","true","https://registry.npmjs.org/fs-extra/-/fs-extra-9.1.0.tgz"
"fs-extra","9.1.0","MIT","true","https://registry.npmjs.org/fs-extra/-/fs-extra-9.1.0.tgz"
"fs-minipass","3.0.3","ISC","false",""
"fs.realpath","1.0.0","ISC","true","https://registry.npmjs.org/fs.realpath/-/fs.realpath-1.0.0.tgz"
"function-bind","1.1.2","MIT","false","https://registry.npmjs.org/function-bind/-/function-bind-1.1.2.tgz"
"get-caller-file","2.0.5","ISC","true","https://registry.npmjs.org/get-caller-file/-/get-caller-file-2.0.5.tgz"
"get-intrinsic","1.3.0","MIT","false","https://registry.npmjs.org/get-intrinsic/-/get-intrinsic-1.3.0.tgz"
"get-proto","1.0.1","MIT","false","https://registry.npmjs.org/get-proto/-/get-proto-1.0.1.tgz"
"get-stream","5.2.0","MIT","false","https://registry.npmjs.org/get-stream/-/get-stream-5.2.0.tgz"
"glob","10.5.0","ISC","true","https://registry.npmjs.org/glob/-/glob-10.5.0.tgz"
"glob","13.0.6","BlueOak-1.0.0","false",""
"glob","7.2.3","ISC","true","https://registry.npmjs.org/glob/-/glob-7.2.3.tgz"
"global-agent","3.0.0","BSD-3-Clause","true","https://registry.npmjs.org/global-agent/-/global-agent-3.0.0.tgz"
"globalthis","1.0.4","MIT","true","https://registry.npmjs.org/globalthis/-/globalthis-1.0.4.tgz"
"gopd","1.2.0","MIT","false","https://registry.npmjs.org/gopd/-/gopd-1.2.0.tgz"
"got","11.8.6","MIT","true","https://registry.npmjs.org/got/-/got-11.8.6.tgz"
"graceful-fs","4.2.11","ISC","false","https://registry.npmjs.org/graceful-fs/-/graceful-fs-4.2.11.tgz"
"graceful-fs","4.2.11","ISC","false",""
"has-flag","4.0.0","MIT","true","https://registry.npmjs.org/has-flag/-/has-flag-4.0.0.tgz"
"has-property-descriptors","1.0.2","MIT","true","https://registry.npmjs.org/has-property-descriptors/-/has-property-descriptors-1.0.2.tgz"
"has-symbols","1.1.0","MIT","false","https://registry.npmjs.org/has-symbols/-/has-symbols-1.1.0.tgz"
"has-tostringtag","1.0.2","MIT","false","https://registry.npmjs.org/has-tostringtag/-/has-tostringtag-1.0.2.tgz"
"hasown","2.0.4","MIT","false","https://registry.npmjs.org/hasown/-/hasown-2.0.4.tgz"
"hosted-git-info","4.1.0","ISC","true","https://registry.npmjs.org/hosted-git-info/-/hosted-git-info-4.1.0.tgz"
"hosted-git-info","9.0.3","ISC","false",""
"http-cache-semantics","4.2.0","BSD-2-Clause","true","https://registry.npmjs.org/http-cache-semantics/-/http-cache-semantics-4.2.0.tgz"
"http-cache-semantics","4.2.0","BSD-2-Clause","false",""
"http-proxy-agent","7.0.2","MIT","true","https://registry.npmjs.org/http-proxy-agent/-/http-proxy-agent-7.0.2.tgz"
"http-proxy-agent","7.0.2","MIT","false",""
"http2-wrapper","1.0.3","MIT","true","https://registry.npmjs.org/http2-wrapper/-/http2-wrapper-1.0.3.tgz"
"https-proxy-agent","7.0.6","MIT","true","https://registry.npmjs.org/https-proxy-agent/-/https-proxy-agent-7.0.6.tgz"
"https-proxy-agent","7.0.6","MIT","false",""
"iconv-lite","0.7.2","MIT","false",""
"ieee754","1.2.1","BSD-3-Clause","true","https://registry.npmjs.org/ieee754/-/ieee754-1.2.1.tgz"
"ignore-walk","8.0.0","ISC","false",""
"inflight","1.0.6","ISC","true","https://registry.npmjs.org/inflight/-/inflight-1.0.6.tgz"
"inherits","2.0.4","ISC","true","https://registry.npmjs.org/inherits/-/inherits-2.0.4.tgz"
"ini","6.0.0","ISC","false",""
"init-package-json","8.2.5","ISC","false",""
"ip-address","10.2.0","MIT","false",""
"is-cidr","6.0.4","BSD-2-Clause","false",""
"is-fullwidth-code-point","3.0.0","MIT","false","https://registry.npmjs.org/is-fullwidth-code-point/-/is-fullwidth-code-point-3.0.0.tgz"
"is-plain-obj","1.1.0","MIT","false","https://registry.npmjs.org/is-plain-obj/-/is-plain-obj-1.1.0.tgz"
"is-stream","2.0.1","MIT","true","https://registry.npmjs.org/is-stream/-/is-stream-2.0.1.tgz"
"isarray","1.0.0","MIT","true","https://registry.npmjs.org/isarray/-/isarray-1.0.0.tgz"
"isbinaryfile","4.0.10","MIT","true","https://registry.npmjs.org/isbinaryfile/-/isbinaryfile-4.0.10.tgz"
"isbinaryfile","5.0.7","MIT","true","https://registry.npmjs.org/isbinaryfile/-/isbinaryfile-5.0.7.tgz"
"isexe","2.0.0","ISC","true","https://registry.npmjs.org/isexe/-/isexe-2.0.0.tgz"
"isexe","3.1.5","BlueOak-1.0.0","true","https://registry.npmjs.org/isexe/-/isexe-3.1.5.tgz"
"isexe","4.0.0","BlueOak-1.0.0","true","https://registry.npmjs.org/isexe/-/isexe-4.0.0.tgz"
"isexe","4.0.0","BlueOak-1.0.0","false",""
"jackspeak","3.4.3","BlueOak-1.0.0","true","https://registry.npmjs.org/jackspeak/-/jackspeak-3.4.3.tgz"
"jake","10.9.4","Apache-2.0","true","https://registry.npmjs.org/jake/-/jake-10.9.4.tgz"
"jiti","2.7.0","MIT","true","https://registry.npmjs.org/jiti/-/jiti-2.7.0.tgz"
"js-yaml","4.3.0","MIT","false","https://registry.npmjs.org/js-yaml/-/js-yaml-4.3.0.tgz"
"json-buffer","3.0.1","MIT","true","https://registry.npmjs.org/json-buffer/-/json-buffer-3.0.1.tgz"
"json-parse-even-better-errors","5.0.0","MIT","false",""
"json-schema-traverse","1.0.0","MIT","true","https://registry.npmjs.org/json-schema-traverse/-/json-schema-traverse-1.0.0.tgz"
"json-stringify-nice","1.1.4","ISC","false",""
"json-stringify-safe","5.0.1","ISC","true","https://registry.npmjs.org/json-stringify-safe/-/json-stringify-safe-5.0.1.tgz"
"json5","2.2.3","MIT","true","https://registry.npmjs.org/json5/-/json5-2.2.3.tgz"
"jsonfile","4.0.0","MIT","true","https://registry.npmjs.org/jsonfile/-/jsonfile-4.0.0.tgz"
"jsonfile","6.2.0","MIT","true","https://registry.npmjs.org/jsonfile/-/jsonfile-6.2.0.tgz"
"jsonfile","6.2.0","MIT","false","https://registry.npmjs.org/jsonfile/-/jsonfile-6.2.0.tgz"
"jsonfile","6.2.1","MIT","true","https://registry.npmjs.org/jsonfile/-/jsonfile-6.2.1.tgz"
"jsonfile","6.2.1","MIT","true","https://registry.npmjs.org/jsonfile/-/jsonfile-6.2.1.tgz"
"jsonfile","6.2.1","MIT","true","https://registry.npmjs.org/jsonfile/-/jsonfile-6.2.1.tgz"
"jsonfile","6.2.1","MIT","true","https://registry.npmjs.org/jsonfile/-/jsonfile-6.2.1.tgz"
"jsonfile","6.2.1","MIT","true","https://registry.npmjs.org/jsonfile/-/jsonfile-6.2.1.tgz"
"jsonfile","6.2.1","MIT","true","https://registry.npmjs.org/jsonfile/-/jsonfile-6.2.1.tgz"
"jsonfile","6.2.1","MIT","true","https://registry.npmjs.org/jsonfile/-/jsonfile-6.2.1.tgz"
"jsonfile","6.2.1","MIT","true","https://registry.npmjs.org/jsonfile/-/jsonfile-6.2.1.tgz"
"jsonfile","6.2.1","MIT","true","https://registry.npmjs.org/jsonfile/-/jsonfile-6.2.1.tgz"
"jsonfile","6.2.1","MIT","true","https://registry.npmjs.org/jsonfile/-/jsonfile-6.2.1.tgz"
"jsonfile","6.2.1","MIT","true","https://registry.npmjs.org/jsonfile/-/jsonfile-6.2.1.tgz"
"jsonfile","6.2.1","MIT","true","https://registry.npmjs.org/jsonfile/-/jsonfile-6.2.1.tgz"
"jsonparse","1.3.1","MIT","false",""
"just-diff","6.0.2","MIT","false",""
"just-diff-apply","5.5.0","MIT","false",""
"keyv","4.5.4","MIT","true","https://registry.npmjs.org/keyv/-/keyv-4.5.4.tgz"
"lazy-val","1.0.5","MIT","false","https://registry.npmjs.org/lazy-val/-/lazy-val-1.0.5.tgz"
"lazystream","1.0.1","MIT","true","https://registry.npmjs.org/lazystream/-/lazystream-1.0.1.tgz"
"libnpmaccess","10.0.3","ISC","false",""
"libnpmdiff","8.1.12","ISC","false",""
"libnpmexec","10.3.2","ISC","false",""
"libnpmfund","7.0.26","ISC","false",""
"libnpmorg","8.0.1","ISC","false",""
"libnpmpack","9.1.12","ISC","false",""
"libnpmpublish","11.2.0","ISC","false",""
"libnpmsearch","9.0.1","ISC","false",""
"libnpmteam","8.0.2","ISC","false",""
"libnpmversion","8.0.4","ISC","false",""
"lodash","4.17.23","MIT","true","https://registry.npmjs.org/lodash/-/lodash-4.17.23.tgz"
"lodash.escaperegexp","4.1.2","MIT","false","https://registry.npmjs.org/lodash.escaperegexp/-/lodash.escaperegexp-4.1.2.tgz"
"lodash.isequal","4.5.0","MIT","false","https://registry.npmjs.org/lodash.isequal/-/lodash.isequal-4.5.0.tgz"
"long","4.0.0","Apache-2.0","false","https://registry.npmjs.org/long/-/long-4.0.0.tgz"
"lowercase-keys","2.0.0","MIT","true","https://registry.npmjs.org/lowercase-keys/-/lowercase-keys-2.0.0.tgz"
"lru-cache","10.4.3","ISC","true","https://registry.npmjs.org/lru-cache/-/lru-cache-10.4.3.tgz"
"lru-cache","11.5.1","BlueOak-1.0.0","false",""
"lru-cache","6.0.0","ISC","true","https://registry.npmjs.org/lru-cache/-/lru-cache-6.0.0.tgz"
"make-fetch-happen","15.0.6","ISC","false",""
"matcher","3.0.0","MIT","true","https://registry.npmjs.org/matcher/-/matcher-3.0.0.tgz"
"math-intrinsics","1.1.0","MIT","false","https://registry.npmjs.org/math-intrinsics/-/math-intrinsics-1.1.0.tgz"
"mime","2.6.0","MIT","true","https://registry.npmjs.org/mime/-/mime-2.6.0.tgz"
"mime-db","1.52.0","MIT","false","https://registry.npmjs.org/mime-db/-/mime-db-1.52.0.tgz"
"mime-db","1.54.0","MIT","false","https://registry.npmjs.org/mime-db/-/mime-db-1.54.0.tgz"
"mime-types","2.1.35","MIT","false","https://registry.npmjs.org/mime-types/-/mime-types-2.1.35.tgz"
"mimic-response","1.0.1","MIT","true","https://registry.npmjs.org/mimic-response/-/mimic-response-1.0.1.tgz"
"mimic-response","3.1.0","MIT","true","https://registry.npmjs.org/mimic-response/-/mimic-response-3.1.0.tgz"
"minimatch","10.2.5","BlueOak-1.0.0","false",""
"minimatch","10.2.6","BlueOak-1.0.0","true","https://registry.npmjs.org/minimatch/-/minimatch-10.2.6.tgz"
"minimatch","3.1.5","ISC","true","https://registry.npmjs.org/minimatch/-/minimatch-3.1.5.tgz"
"minimatch","3.1.5","ISC","true","https://registry.npmjs.org/minimatch/-/minimatch-3.1.5.tgz"
"minimatch","3.1.5","ISC","true","https://registry.npmjs.org/minimatch/-/minimatch-3.1.5.tgz"
"minimatch","5.1.9","ISC","true","https://registry.npmjs.org/minimatch/-/minimatch-5.1.9.tgz"
"minimatch","9.0.9","ISC","true","https://registry.npmjs.org/minimatch/-/minimatch-9.0.9.tgz"
"minimatch","9.0.9","ISC","true","https://registry.npmjs.org/minimatch/-/minimatch-9.0.9.tgz"
"minimist","1.2.8","MIT","true","https://registry.npmjs.org/minimist/-/minimist-1.2.8.tgz"
"minipass","3.3.6","ISC","false",""
"minipass","5.0.0","ISC","true","https://registry.npmjs.org/minipass/-/minipass-5.0.0.tgz"
"minipass","7.1.3","BlueOak-1.0.0","false","https://registry.npmjs.org/minipass/-/minipass-7.1.3.tgz"
"minipass","7.1.3","BlueOak-1.0.0","true","https://registry.npmjs.org/minipass/-/minipass-7.1.3.tgz"
"minipass","7.1.3","BlueOak-1.0.0","false","https://registry.npmjs.org/minipass/-/minipass-7.1.3.tgz"
"minipass","7.1.3","BlueOak-1.0.0","false",""
"minipass","7.1.3","BlueOak-1.0.0","false","https://registry.npmjs.org/minipass/-/minipass-7.1.3.tgz"
"minipass-collect","2.0.1","ISC","false",""
"minipass-fetch","5.0.2","MIT","false",""
"minipass-flush","1.0.6","BlueOak-1.0.0","false",""
"minipass-pipeline","1.2.4","ISC","false",""
"minipass-sized","2.0.0","ISC","false",""
"minizlib","3.1.0","MIT","false","https://registry.npmjs.org/minizlib/-/minizlib-3.1.0.tgz"
"minizlib","3.1.0","MIT","false",""
"mkdirp","0.5.6","MIT","true","https://registry.npmjs.org/mkdirp/-/mkdirp-0.5.6.tgz"
"modify-filename","1.1.0","MIT","false","https://registry.npmjs.org/modify-filename/-/modify-filename-1.1.0.tgz"
"ms","2.1.2","MIT","false","https://registry.npmjs.org/ms/-/ms-2.1.2.tgz"
"ms","2.1.2","MIT","false","https://registry.npmjs.org/ms/-/ms-2.1.2.tgz"
"ms","2.1.2","MIT","false","https://registry.npmjs.org/ms/-/ms-2.1.2.tgz"
"ms","2.1.3","MIT","false","https://registry.npmjs.org/ms/-/ms-2.1.3.tgz"
"ms","2.1.3","MIT","false",""
"mute-stream","3.0.0","ISC","false",""
"negotiator","1.0.0","MIT","false",""
"node-abi","4.33.0","MIT","true","https://registry.npmjs.org/node-abi/-/node-abi-4.33.0.tgz"
"node-addon-api","7.0.0","MIT","false","https://registry.npmjs.org/node-addon-api/-/node-addon-api-7.0.0.tgz"
"node-api-version","0.2.1","MIT","true","https://registry.npmjs.org/node-api-version/-/node-api-version-0.2.1.tgz"
"node-gyp","12.4.0","MIT","true","https://registry.npmjs.org/node-gyp/-/node-gyp-12.4.0.tgz"
"node-gyp","12.4.0","MIT","false",""
"node-gyp-build","4.6.0","MIT","false","https://registry.npmjs.org/node-gyp-build/-/node-gyp-build-4.6.0.tgz"
"node-int64","0.4.0","MIT","true","https://registry.npmjs.org/node-int64/-/node-int64-0.4.0.tgz"
"nopt","9.0.0","ISC","true","https://registry.npmjs.org/nopt/-/nopt-9.0.0.tgz"
"nopt","9.0.0","ISC","false",""
"normalize-path","3.0.0","MIT","true","https://registry.npmjs.org/normalize-path/-/normalize-path-3.0.0.tgz"
"normalize-url","6.1.0","MIT","true","https://registry.npmjs.org/normalize-url/-/normalize-url-6.1.0.tgz"
"npm","11.19.0","Artistic-2.0","false","https://registry.npmjs.org/npm/-/npm-11.19.0.tgz"
"npm-audit-report","7.0.0","ISC","false",""
"npm-bundled","5.0.0","ISC","false",""
"npm-install-checks","8.0.0","BSD-2-Clause","false",""
"npm-normalize-package-bin","5.0.0","ISC","false",""
"npm-package-arg","13.0.2","ISC","false",""
"npm-packlist","10.0.4","ISC","false",""
"npm-pick-manifest","11.0.3","ISC","false",""
"npm-profile","12.0.2","ISC","false",""
"npm-registry-fetch","19.1.1","ISC","false",""
"npm-user-validate","4.0.0","BSD-2-Clause","false",""
"object-keys","1.1.1","MIT","true","https://registry.npmjs.org/object-keys/-/object-keys-1.1.1.tgz"
"once","1.4.0","ISC","false","https://registry.npmjs.org/once/-/once-1.4.0.tgz"
"osc","2.4.5","(MIT OR GPL-2.0)","false","https://registry.npmjs.org/osc/-/osc-2.4.5.tgz"
"p-cancelable","2.1.1","MIT","true","https://registry.npmjs.org/p-cancelable/-/p-cancelable-2.1.1.tgz"
"p-limit","3.1.0","MIT","true","https://registry.npmjs.org/p-limit/-/p-limit-3.1.0.tgz"
"p-map","7.0.4","MIT","false",""
"package-json-from-dist","1.0.1","BlueOak-1.0.0","true","https://registry.npmjs.org/package-json-from-dist/-/package-json-from-dist-1.0.1.tgz"
"pacote","21.5.1","ISC","false",""
"parse-conflict-json","5.0.1","ISC","false",""
"parse5","7.3.0","MIT","true","https://registry.npmjs.org/parse5/-/parse5-7.3.0.tgz"
"path-exists","4.0.0","MIT","false","https://registry.npmjs.org/path-exists/-/path-exists-4.0.0.tgz"
"path-is-absolute","1.0.1","MIT","true","https://registry.npmjs.org/path-is-absolute/-/path-is-absolute-1.0.1.tgz"
"path-key","3.1.1","MIT","true","https://registry.npmjs.org/path-key/-/path-key-3.1.1.tgz"
"path-scurry","1.11.1","BlueOak-1.0.0","true","https://registry.npmjs.org/path-scurry/-/path-scurry-1.11.1.tgz"
"path-scurry","2.0.2","BlueOak-1.0.0","false",""
"pe-library","0.4.1","MIT","true","https://registry.npmjs.org/pe-library/-/pe-library-0.4.1.tgz"
"pend","1.2.0","MIT","false","https://registry.npmjs.org/pend/-/pend-1.2.0.tgz"
"picocolors","1.1.1","ISC","true","https://registry.npmjs.org/picocolors/-/picocolors-1.1.1.tgz"
"picomatch","4.0.4","MIT","false",""
"picomatch","4.0.5","MIT","true","https://registry.npmjs.org/picomatch/-/picomatch-4.0.5.tgz"
"pkijs","3.4.0","BSD-3-Clause","true","https://registry.npmjs.org/pkijs/-/pkijs-3.4.0.tgz"
"plist","3.1.0","MIT","true","https://registry.npmjs.org/plist/-/plist-3.1.0.tgz"
"postcss-selector-parser","7.1.4","MIT","false",""
"postject","1.0.0-alpha.6","MIT","true","https://registry.npmjs.org/postject/-/postject-1.0.0-alpha.6.tgz"
"proc-log","6.1.0","ISC","false",""
"proc-log","6.1.0","ISC","true","https://registry.npmjs.org/proc-log/-/proc-log-6.1.0.tgz"
"process","0.11.10","MIT","true","https://registry.npmjs.org/process/-/process-0.11.10.tgz"
"process-nextick-args","2.0.1","MIT","true","https://registry.npmjs.org/process-nextick-args/-/process-nextick-args-2.0.1.tgz"
"proggy","4.0.0","ISC","false",""
"progress","2.0.3","MIT","true","https://registry.npmjs.org/progress/-/progress-2.0.3.tgz"
"promise-all-reject-late","1.0.1","ISC","false",""
"promise-call-limit","3.0.2","ISC","false",""
"promise-retry","2.0.1","MIT","true","https://registry.npmjs.org/promise-retry/-/promise-retry-2.0.1.tgz"
"promzard","3.0.1","ISC","false",""
"proper-lockfile","4.1.2","MIT","true","https://registry.npmjs.org/proper-lockfile/-/proper-lockfile-4.1.2.tgz"
"pump","3.0.4","MIT","false","https://registry.npmjs.org/pump/-/pump-3.0.4.tgz"
"pupa","2.1.1","MIT","false","https://registry.npmjs.org/pupa/-/pupa-2.1.1.tgz"
"pvtsutils","1.3.6","MIT","true","https://registry.npmjs.org/pvtsutils/-/pvtsutils-1.3.6.tgz"
"pvutils","1.1.5","MIT","true","https://registry.npmjs.org/pvutils/-/pvutils-1.1.5.tgz"
"qrcode-terminal","0.12.0","Apache-2.0","false",""
"quick-lru","5.1.1","MIT","true","https://registry.npmjs.org/quick-lru/-/quick-lru-5.1.1.tgz"
"read","5.0.1","ISC","false",""
"read-binary-file-arch","1.0.6","MIT","true","https://registry.npmjs.org/read-binary-file-arch/-/read-binary-file-arch-1.0.6.tgz"
"read-cmd-shim","6.0.0","ISC","false",""
"readable-stream","2.3.8","MIT","true","https://registry.npmjs.org/readable-stream/-/readable-stream-2.3.8.tgz"
"readable-stream","2.3.8","MIT","true","https://registry.npmjs.org/readable-stream/-/readable-stream-2.3.8.tgz"
"readable-stream","4.7.0","MIT","true","https://registry.npmjs.org/readable-stream/-/readable-stream-4.7.0.tgz"
"readdir-glob","1.1.3","Apache-2.0","true","https://registry.npmjs.org/readdir-glob/-/readdir-glob-1.1.3.tgz"
"require-directory","2.1.1","MIT","true","https://registry.npmjs.org/require-directory/-/require-directory-2.1.1.tgz"
"require-from-string","2.0.2","MIT","true","https://registry.npmjs.org/require-from-string/-/require-from-string-2.0.2.tgz"
"resedit","1.7.2","MIT","true","https://registry.npmjs.org/resedit/-/resedit-1.7.2.tgz"
"resolve-alpn","1.2.1","MIT","true","https://registry.npmjs.org/resolve-alpn/-/resolve-alpn-1.2.1.tgz"
"responselike","2.0.1","MIT","true","https://registry.npmjs.org/responselike/-/responselike-2.0.1.tgz"
"retry","0.12.0","MIT","true","https://registry.npmjs.org/retry/-/retry-0.12.0.tgz"
"rimraf","2.6.3","ISC","true","https://registry.npmjs.org/rimraf/-/rimraf-2.6.3.tgz"
"roarr","2.15.4","BSD-3-Clause","true","https://registry.npmjs.org/roarr/-/roarr-2.15.4.tgz"
"safe-buffer","5.1.2","MIT","true","https://registry.npmjs.org/safe-buffer/-/safe-buffer-5.1.2.tgz"
"safe-buffer","5.1.2","MIT","true","https://registry.npmjs.org/safe-buffer/-/safe-buffer-5.1.2.tgz"
"safe-buffer","5.2.1","MIT","true","https://registry.npmjs.org/safe-buffer/-/safe-buffer-5.2.1.tgz"
"safer-buffer","2.1.2","MIT","false",""
"sanitize-filename","1.6.4","WTFPL OR ISC","true","https://registry.npmjs.org/sanitize-filename/-/sanitize-filename-1.6.4.tgz"
"sax","1.5.0","BlueOak-1.0.0","false","https://registry.npmjs.org/sax/-/sax-1.5.0.tgz"
"semver","5.7.2","ISC","true","https://registry.npmjs.org/semver/-/semver-5.7.2.tgz"
"semver","6.3.1","ISC","true","https://registry.npmjs.org/semver/-/semver-6.3.1.tgz"
"semver","6.3.1","ISC","true","https://registry.npmjs.org/semver/-/semver-6.3.1.tgz"
"semver","7.7.4","ISC","true","https://registry.npmjs.org/semver/-/semver-7.7.4.tgz"
"semver","7.7.4","ISC","false","https://registry.npmjs.org/semver/-/semver-7.7.4.tgz"
"semver","7.7.4","ISC","true","https://registry.npmjs.org/semver/-/semver-7.7.4.tgz"
"semver","7.7.4","ISC","true","https://registry.npmjs.org/semver/-/semver-7.7.4.tgz"
"semver","7.8.5","ISC","true","https://registry.npmjs.org/semver/-/semver-7.8.5.tgz"
"semver","7.8.5","ISC","true","https://registry.npmjs.org/semver/-/semver-7.8.5.tgz"
"semver","7.8.5","ISC","true","https://registry.npmjs.org/semver/-/semver-7.8.5.tgz"
"semver","7.8.5","ISC","false",""
"semver-compare","1.0.0","MIT","true","https://registry.npmjs.org/semver-compare/-/semver-compare-1.0.0.tgz"
"serialize-error","7.0.1","MIT","true","https://registry.npmjs.org/serialize-error/-/serialize-error-7.0.1.tgz"
"serialport","12.0.0","MIT","false","https://registry.npmjs.org/serialport/-/serialport-12.0.0.tgz"
"shebang-command","2.0.0","MIT","true","https://registry.npmjs.org/shebang-command/-/shebang-command-2.0.0.tgz"
"shebang-regex","3.0.0","MIT","true","https://registry.npmjs.org/shebang-regex/-/shebang-regex-3.0.0.tgz"
"signal-exit","3.0.7","ISC","true","https://registry.npmjs.org/signal-exit/-/signal-exit-3.0.7.tgz"
"signal-exit","4.1.0","ISC","false",""
"signal-exit","4.1.0","ISC","true","https://registry.npmjs.org/signal-exit/-/signal-exit-4.1.0.tgz"
"sigstore","4.1.1","Apache-2.0","false",""
"simple-update-notifier","2.0.0","MIT","true","https://registry.npmjs.org/simple-update-notifier/-/simple-update-notifier-2.0.0.tgz"
"slip","1.0.2","(MIT OR GPL-2.0)","false","https://registry.npmjs.org/slip/-/slip-1.0.2.tgz"
"smart-buffer","4.2.0","MIT","false",""
"socks","2.8.9","MIT","false",""
"socks-proxy-agent","8.0.5","MIT","false",""
"sort-keys","1.1.2","MIT","false","https://registry.npmjs.org/sort-keys/-/sort-keys-1.1.2.tgz"
"sort-keys-length","1.0.1","MIT","false","https://registry.npmjs.org/sort-keys-length/-/sort-keys-length-1.0.1.tgz"
"source-map","0.6.1","BSD-3-Clause","true","https://registry.npmjs.org/source-map/-/source-map-0.6.1.tgz"
"source-map-js","1.2.1","BSD-3-Clause","true","https://registry.npmjs.org/source-map-js/-/source-map-js-1.2.1.tgz"
"source-map-support","0.5.21","MIT","true","https://registry.npmjs.org/source-map-support/-/source-map-support-0.5.21.tgz"
"spdx-exceptions","2.5.0","CC-BY-3.0","false",""
"spdx-expression-parse","4.0.0","MIT","false",""
"spdx-license-ids","3.0.23","CC0-1.0","false",""
"sprintf-js","1.1.3","BSD-3-Clause","true","https://registry.npmjs.org/sprintf-js/-/sprintf-js-1.1.3.tgz"
"ssri","13.0.1","ISC","false",""
"stat-mode","1.0.0","MIT","true","https://registry.npmjs.org/stat-mode/-/stat-mode-1.0.0.tgz"
"streamx","2.28.0","MIT","true","https://registry.npmjs.org/streamx/-/streamx-2.28.0.tgz"
"string_decoder","1.1.1","MIT","true","https://registry.npmjs.org/string_decoder/-/string_decoder-1.1.1.tgz"
"string_decoder","1.1.1","MIT","true","https://registry.npmjs.org/string_decoder/-/string_decoder-1.1.1.tgz"
"string_decoder","1.3.0","MIT","true","https://registry.npmjs.org/string_decoder/-/string_decoder-1.3.0.tgz"
"string-width","4.2.3","MIT","false","https://registry.npmjs.org/string-width/-/string-width-4.2.3.tgz"
"string-width","4.2.3","MIT","true","https://registry.npmjs.org/string-width/-/string-width-4.2.3.tgz"
"string-width","5.1.2","MIT","true","https://registry.npmjs.org/string-width/-/string-width-5.1.2.tgz"
"strip-ansi","6.0.1","MIT","false","https://registry.npmjs.org/strip-ansi/-/strip-ansi-6.0.1.tgz"
"strip-ansi","6.0.1","MIT","true","https://registry.npmjs.org/strip-ansi/-/strip-ansi-6.0.1.tgz"
"strip-ansi","7.2.0","MIT","true","https://registry.npmjs.org/strip-ansi/-/strip-ansi-7.2.0.tgz"
"sumchecker","3.0.1","Apache-2.0","true","https://registry.npmjs.org/sumchecker/-/sumchecker-3.0.1.tgz"
"supports-color","10.2.2","MIT","false",""
"supports-color","7.2.0","MIT","true","https://registry.npmjs.org/supports-color/-/supports-color-7.2.0.tgz"
"tar","7.5.19","BlueOak-1.0.0","false",""
"tar","7.5.21","BlueOak-1.0.0","false","https://registry.npmjs.org/tar/-/tar-7.5.21.tgz"
"tar-stream","3.2.0","MIT","true","https://registry.npmjs.org/tar-stream/-/tar-stream-3.2.0.tgz"
"teex","1.0.1","MIT","true","https://registry.npmjs.org/teex/-/teex-1.0.1.tgz"
"temp","0.9.4","MIT","true","https://registry.npmjs.org/temp/-/temp-0.9.4.tgz"
"temp-file","3.4.0","MIT","true","https://registry.npmjs.org/temp-file/-/temp-file-3.4.0.tgz"
"text-decoder","1.2.7","Apache-2.0","true","https://registry.npmjs.org/text-decoder/-/text-decoder-1.2.7.tgz"
"text-table","0.2.0","MIT","false",""
"tiny-async-pool","1.3.0","MIT","true","https://registry.npmjs.org/tiny-async-pool/-/tiny-async-pool-1.3.0.tgz"
"tiny-relative-date","2.0.2","MIT","false",""
"tiny-typed-emitter","2.1.0","MIT","false","https://registry.npmjs.org/tiny-typed-emitter/-/tiny-typed-emitter-2.1.0.tgz"
"tinyglobby","0.2.17","MIT","false",""
"tinyglobby","0.2.17","MIT","true","https://registry.npmjs.org/tinyglobby/-/tinyglobby-0.2.17.tgz"
"tmp","0.2.7","MIT","true","https://registry.npmjs.org/tmp/-/tmp-0.2.7.tgz"
"tmp-promise","3.0.3","MIT","true","https://registry.npmjs.org/tmp-promise/-/tmp-promise-3.0.3.tgz"
"treeverse","3.0.0","ISC","false",""
"truncate-utf8-bytes","1.0.2","WTFPL","true","https://registry.npmjs.org/truncate-utf8-bytes/-/truncate-utf8-bytes-1.0.2.tgz"
"tslib","2.8.1","0BSD","true","https://registry.npmjs.org/tslib/-/tslib-2.8.1.tgz"
"tuf-js","4.1.0","MIT","false",""
"type-fest","0.13.1","(MIT OR CC0-1.0)","true","https://registry.npmjs.org/type-fest/-/type-fest-0.13.1.tgz"
"typescript","5.9.3","Apache-2.0","true","https://registry.npmjs.org/typescript/-/typescript-5.9.3.tgz"
"undici","6.27.0","MIT","false",""
"undici","6.28.0","MIT","true","https://registry.npmjs.org/undici/-/undici-6.28.0.tgz"
"undici-types","6.21.0","MIT","false","https://registry.npmjs.org/undici-types/-/undici-types-6.21.0.tgz"
"universalify","0.1.2","MIT","true","https://registry.npmjs.org/universalify/-/universalify-0.1.2.tgz"
"universalify","2.0.1","MIT","true","https://registry.npmjs.org/universalify/-/universalify-2.0.1.tgz"
"universalify","2.0.1","MIT","true","https://registry.npmjs.org/universalify/-/universalify-2.0.1.tgz"
"universalify","2.0.1","MIT","true","https://registry.npmjs.org/universalify/-/universalify-2.0.1.tgz"
"universalify","2.0.1","MIT","true","https://registry.npmjs.org/universalify/-/universalify-2.0.1.tgz"
"universalify","2.0.1","MIT","true","https://registry.npmjs.org/universalify/-/universalify-2.0.1.tgz"
"universalify","2.0.1","MIT","true","https://registry.npmjs.org/universalify/-/universalify-2.0.1.tgz"
"universalify","2.0.1","MIT","true","https://registry.npmjs.org/universalify/-/universalify-2.0.1.tgz"
"universalify","2.0.1","MIT","true","https://registry.npmjs.org/universalify/-/universalify-2.0.1.tgz"
"universalify","2.0.1","MIT","true","https://registry.npmjs.org/universalify/-/universalify-2.0.1.tgz"
"universalify","2.0.1","MIT","true","https://registry.npmjs.org/universalify/-/universalify-2.0.1.tgz"
"universalify","2.0.1","MIT","true","https://registry.npmjs.org/universalify/-/universalify-2.0.1.tgz"
"universalify","2.0.1","MIT","false","https://registry.npmjs.org/universalify/-/universalify-2.0.1.tgz"
"universalify","2.0.1","MIT","true","https://registry.npmjs.org/universalify/-/universalify-2.0.1.tgz"
"universalify","2.0.1","MIT","true","https://registry.npmjs.org/universalify/-/universalify-2.0.1.tgz"
"unused-filename","2.1.0","MIT","false","https://registry.npmjs.org/unused-filename/-/unused-filename-2.1.0.tgz"
"unzipper","0.12.5","MIT","true","https://registry.npmjs.org/unzipper/-/unzipper-0.12.5.tgz"
"utf8-byte-length","1.0.5","(WTFPL OR MIT)","true","https://registry.npmjs.org/utf8-byte-length/-/utf8-byte-length-1.0.5.tgz"
"util-deprecate","1.0.2","MIT","false",""
"util-deprecate","1.0.2","MIT","true","https://registry.npmjs.org/util-deprecate/-/util-deprecate-1.0.2.tgz"
"validate-npm-package-name","7.0.2","ISC","false",""
"walk-up-path","4.0.0","ISC","false",""
"webcrypto-core","1.9.2","MIT","true","https://registry.npmjs.org/webcrypto-core/-/webcrypto-core-1.9.2.tgz"
"which","2.0.2","ISC","true","https://registry.npmjs.org/which/-/which-2.0.2.tgz"
"which","5.0.0","ISC","true","https://registry.npmjs.org/which/-/which-5.0.0.tgz"
"which","6.0.1","ISC","true","https://registry.npmjs.org/which/-/which-6.0.1.tgz"
"which","6.0.1","ISC","false",""
"wolfy87-eventemitter","5.2.9","Unlicense","false","https://registry.npmjs.org/wolfy87-eventemitter/-/wolfy87-eventemitter-5.2.9.tgz"
"wrap-ansi","7.0.0","MIT","true","https://registry.npmjs.org/wrap-ansi/-/wrap-ansi-7.0.0.tgz"
"wrap-ansi","7.0.0","MIT","true","https://registry.npmjs.org/wrap-ansi/-/wrap-ansi-7.0.0.tgz"
"wrap-ansi","8.1.0","MIT","true","https://registry.npmjs.org/wrap-ansi/-/wrap-ansi-8.1.0.tgz"
"wrappy","1.0.2","ISC","false","https://registry.npmjs.org/wrappy/-/wrappy-1.0.2.tgz"
"write-file-atomic","7.0.1","ISC","false",""
"ws","8.21.1","MIT","false","https://registry.npmjs.org/ws/-/ws-8.21.1.tgz"
"xmlbuilder","15.1.1","MIT","true","https://registry.npmjs.org/xmlbuilder/-/xmlbuilder-15.1.1.tgz"
"y18n","5.0.8","ISC","true","https://registry.npmjs.org/y18n/-/y18n-5.0.8.tgz"
"yallist","4.0.0","ISC","false",""
"yallist","4.0.0","ISC","true","https://registry.npmjs.org/yallist/-/yallist-4.0.0.tgz"
"yallist","5.0.0","BlueOak-1.0.0","false",""
"yallist","5.0.0","BlueOak-1.0.0","false","https://registry.npmjs.org/yallist/-/yallist-5.0.0.tgz"
"yargs","17.7.2","MIT","true","https://registry.npmjs.org/yargs/-/yargs-17.7.2.tgz"
"yargs-parser","21.1.1","ISC","true","https://registry.npmjs.org/yargs-parser/-/yargs-parser-21.1.1.tgz"
"yauzl","2.10.0","MIT","false","https://registry.npmjs.org/yauzl/-/yauzl-2.10.0.tgz"
"yocto-queue","0.1.0","MIT","true","https://registry.npmjs.org/yocto-queue/-/yocto-queue-0.1.0.tgz"
"zip-stream","6.0.1","MIT","true","https://registry.npmjs.org/zip-stream/-/zip-stream-6.0.1.tgz"
